{
  "IsEncrypted": false,
  "Values": {
    "AzureWebJobsStorage": "DefaultEndpointsProtocol=https;AccountName=storage1account1test;AccountKey=SHlt3NSHNv/pIHqMlk/Sb3gQKavGtFxXiz0mcCeAkadLTEi4zKWlAmYmHAsL+j8Y3ipMgkn+YG0j+ASt7pU1oQ==;EndpointSuffix=core.windows.net",
    "FUNCTIONS_WORKER_RUNTIME": "dotnet-isolated",
    "DSAPAzureFunctionTest1_RootManageSharedAccessKey_EVENTHUB": "Endpoint=sb://dsapazurefunctiontest1.servicebus.windows.net/;SharedAccessKeyName=RootManageSharedAccessKey;SharedAccessKey=jQzwbrGNx09L2UGyBvmllxPPM7xSqBWy6+AEhA1kBDw=;EntityPath=DSAPAzureFunctionTest1-7a1b5d2912",
    "FestoEventHub_RootManageSharedAccessKey_EVENTHUB": "Endpoint=sb://festoeventhub.servicebus.windows.net/;SharedAccessKeyName=RootManageSharedAccessKey;SharedAccessKey=0gm6tRj2WSeTw9iiSjH/IiZK0kGGHPcdt+AEhJtBye4=;EntityPath=FestoEventHub-2cd0168c8e"
  }
}